{"eval_loss": 0.38745805621147156, "eval_model_preparation_time": 0.002, "eval_accuracy": 0.8929079174995422, "eval_runtime": 15.9786, "eval_samples_per_second": 615.95, "eval_steps_per_second": 77.041}