{"eval_loss": 0.7025357484817505, "eval_model_preparation_time": 0.002, "eval_accuracy": 0.8233333230018616, "eval_runtime": 1.2493, "eval_samples_per_second": 480.276, "eval_steps_per_second": 60.034}