{"eval_loss": 0.6986519694328308, "eval_model_preparation_time": 0.002, "eval_accuracy": 0.8216666579246521, "eval_runtime": 1.0692, "eval_samples_per_second": 561.145, "eval_steps_per_second": 70.143}